brand,name,price
,,
Generic,"Sports Football Club Team Official Blue Jersey Tshirt 2023/204 (Men,Kids,Boys)",₹309
Generic,SAN Football Jersey Man_United 23-24 with Full Sleeve Black Tights Home KIT- for Men and Sports Jersey for Men and Boys 23-24 Age 4-XXL,₹496
Generic,SAN Football Jersey Man_UTD_RED Home & POURTUGAL Away KIT- for Men and boys2022-23,₹499
Generic,Active_Sport Football Jersey for Men and Boys Madrid Jersey,₹310
,,
Generic,"Ronaldo 7 Football UTD Home Jersey 2022/2023 for Boys & Kids(13-14Years,redR7FS)",₹299
Generic,Single Jersey,₹999
Generic,"Sports Football Away New Team Jersey Tshirt 2023/2024 (Men,Kids,Boys)",₹299
BodySports.co,Manchester Football Jersey,₹435
Generic,"Man_UTD Green Football Team Away Jersey 2023/2024 (Kids,Boys,Men)",₹239
Generic,"Haaland 9 Football Club Team Home Jersey with Shorts 2022/2023 for (Kids,Boys,Men)",₹399
Generic,"Cristiano Ronadlo 7 Man_UTD Away Football Team Green Jersey 2023/2024 (Men,Boys,Kids)",₹239
Generic,"Man_UTD Football Team Home Jersey Set Ronaldo 7 2023/2024 for (Kids,Men,Boys)",₹329
Generic,Haaland 9 City Football Jersey 2023/2024 for Boys & Men,₹289
Bodysports.co,Football Jersey,₹435
Generic,SAN Football Jersey Man_United 23-24 Home KIT- for Men and Sports Jersey for Men 23-24 Age 4-XXL,₹309
Generic,SAN Football Jersey Man City - for Men and Sports Jersey for Men and Boys 23-24 Age 4-XXL,₹299
Generic,Ronaldo 7 Football UTD Home Jersey with Shorts 2022/2023 for Boys & Kids,₹409
Generic,SAN Football Jersey Madrid_Home KIT with Black Tights Full Sleeve- for Men and Sports Jersey for Men and Boys SAN Football Team 23-24 Age 4-XXL,₹499
Generic,"Ronaldo 7 Man_Utd Football Team Home Kit Half Sleeve Jersey Tshirt 2023/2024 (Boys,Kids,Men)",₹309
,,
Generic,"Man_Utd Red Football Team Home Kit Original Jersey 2023/2024 (Kids,Boys,Men)",₹379
Generic,SAN Football Jersey Man City - for Men and Boys 23-24,₹330
Generic,Jersey & Shorts,₹999
Generic,SAN Football Jersey Man_United 23-24 Home KIT- for Men and Sports Jersey 23-24 Age 4-XXL,₹309
Generic,"Man_utd Away Football Team Green Jersey 2023/2024 (Kids,Boys,Men)",₹239
Generic,"Halaand 9 Man_UTD Away Football Jersey with Shorts 2023/2024 (Kids,Boys,Men)",₹389
Generic,"Man_UTD Green Football Team Away Jersey Tshirt with Shorts 2023/2024 (Kids,Boys,Men)",₹419
AASHRAY,Man United Home 2023-24 Club Football Jersey with Shorts with All Logos for Kid's Boy's & Girl's Sports Wear. | Football Cloths | Football Training Kit | Football Set |,₹899
Generic,"Man_utd Away Football Team Green Jersey Tshirt 2023/2024 (Men,Boys,Kids)",₹319
Generic,Active_Sport Football Jersey for Men PSG_MESSI23-24 Jersey,₹310
Generic,Sport Ronaldo 7 Football Jersey red for Men 2023-24,₹299
Generic,FC Football Jersey with Shorts Red Color 2023/24,₹999
Generic,"Cristiano Ronaldo 7 Man_Utd Football Team Jersey Tshirt with Shorts 2023/2024 for (Kids,Men,Boys)",₹389
Generic,Haaland 9 City Football Jersey with Shorts 2023/2024 for Boys & Men,₹389
Generic,"Cristiano Ronaldo 7 Man_Utd Football Team Home Kit Half Sleeve Jersey Tshirt 2023/2024 (Boys,Kids,Men)",₹389
Generic,Positivity Sports Football Away Jersey Green for Men 2023/24,₹369
Generic,SAN Football Jersey Man_UTD_RED Home & POURTUGAL Away KIT- for Men and Sports Jersey 2022-23 Age 4-XXL,₹499
Generic,Positivity Sports Football Third Jersey White 2023-24,₹379
Generic,Football Jersey for menARGENTENA 22/23 Home Jersey Messi 10 2022-23,₹379
Generic,"Man City Football Third Half Sleeve Jersey Haaland 9 (Kids,Boys,Men) with Black Shorts",₹389
Generic,"Haaland 9 Football Club Team Home Tshirt 2022/2023 for (Kids,Boys,Men)",₹249
Generic,Portugal Football Jersey - Portugal Ronaldo Jersey 2022-2023 for Men & Kids,₹299
Generic,Sports Man_UTD Third Kit 2021-22 Football Jersey for Men and Boy Sports Tshirt Paris Messi Home Kit 2022-33,₹489
Generic,"De Bruyne 17 Man_UTD Away Football Jersey with Shorts 2023/2024 (Kids,Boys,Men)",₹389
Generic,"Football Team Away Green Jersey 2023/2024 (Kids,Boys,Men)",₹299
Generic,Cristiano Ronaldo 7 Yellow New Football Team Jersey with Shorts for 2023-2024 (Boys & Mens),₹399
Generic,Men Regular Fit Jersey with Shorts,₹419
PRO'STATIC,Football Jersey JUVNTS Ronaldo with Black Shorts- for Mens and Sports Jersey for Mens and Boys 21-22 Age 4-XXL,₹485
Generic,"Man_utd Away Football Team Green Jersey Tshirt with Shorts 2023/2024 (Kids,Boys,Men)",₹399
,,
,,
,,
brand,name,price
,,
Generic,"Sports Football Club Team Official Blue Jersey Tshirt 2023/204 (Men,Kids,Boys)",₹309
Generic,SAN Football Jersey Man_United 23-24 with Full Sleeve Black Tights Home KIT- for Men and Sports Jersey for Men and Boys 23-24 Age 4-XXL,₹496
Generic,SAN Football Jersey Man_UTD_RED Home & POURTUGAL Away KIT- for Men and boys2022-23,₹499
Generic,Active_Sport Football Jersey for Men and Boys Madrid Jersey,₹310
,,
Generic,"Ronaldo 7 Football UTD Home Jersey 2022/2023 for Boys & Kids(13-14Years,redR7FS)",₹299
Generic,Single Jersey,₹999
Generic,"Sports Football Away New Team Jersey Tshirt 2023/2024 (Men,Kids,Boys)",₹299
BodySports.co,Manchester Football Jersey,₹435
Generic,"Man_UTD Green Football Team Away Jersey 2023/2024 (Kids,Boys,Men)",₹239
Generic,"Haaland 9 Football Club Team Home Jersey with Shorts 2022/2023 for (Kids,Boys,Men)",₹399
Generic,"Cristiano Ronadlo 7 Man_UTD Away Football Team Green Jersey 2023/2024 (Men,Boys,Kids)",₹239
Generic,"Man_UTD Football Team Home Jersey Set Ronaldo 7 2023/2024 for (Kids,Men,Boys)",₹329
Generic,Haaland 9 City Football Jersey 2023/2024 for Boys & Men,₹289
Bodysports.co,Football Jersey,₹435
Generic,SAN Football Jersey Man_United 23-24 Home KIT- for Men and Sports Jersey for Men 23-24 Age 4-XXL,₹309
Generic,SAN Football Jersey Man City - for Men and Sports Jersey for Men and Boys 23-24 Age 4-XXL,₹299
Generic,Ronaldo 7 Football UTD Home Jersey with Shorts 2022/2023 for Boys & Kids,₹409
Generic,SAN Football Jersey Madrid_Home KIT with Black Tights Full Sleeve- for Men and Sports Jersey for Men and Boys SAN Football Team 23-24 Age 4-XXL,₹499
Generic,"Ronaldo 7 Man_Utd Football Team Home Kit Half Sleeve Jersey Tshirt 2023/2024 (Boys,Kids,Men)",₹309
,,
Generic,"Man_Utd Red Football Team Home Kit Original Jersey 2023/2024 (Kids,Boys,Men)",₹379
Generic,SAN Football Jersey Man City - for Men and Boys 23-24,₹330
Generic,Jersey & Shorts,₹999
Generic,SAN Football Jersey Man_United 23-24 Home KIT- for Men and Sports Jersey 23-24 Age 4-XXL,₹309
Generic,"Man_utd Away Football Team Green Jersey 2023/2024 (Kids,Boys,Men)",₹239
Generic,"Halaand 9 Man_UTD Away Football Jersey with Shorts 2023/2024 (Kids,Boys,Men)",₹389
Generic,"Man_UTD Green Football Team Away Jersey Tshirt with Shorts 2023/2024 (Kids,Boys,Men)",₹419
AASHRAY,Man United Home 2023-24 Club Football Jersey with Shorts with All Logos for Kid's Boy's & Girl's Sports Wear. | Football Cloths | Football Training Kit | Football Set |,₹899
Generic,"Man_utd Away Football Team Green Jersey Tshirt 2023/2024 (Men,Boys,Kids)",₹319
Generic,Active_Sport Football Jersey for Men PSG_MESSI23-24 Jersey,₹310
Generic,Sport Ronaldo 7 Football Jersey red for Men 2023-24,₹299
Generic,FC Football Jersey with Shorts Red Color 2023/24,₹999
Generic,"Cristiano Ronaldo 7 Man_Utd Football Team Jersey Tshirt with Shorts 2023/2024 for (Kids,Men,Boys)",₹389
Generic,Haaland 9 City Football Jersey with Shorts 2023/2024 for Boys & Men,₹389
Generic,"Cristiano Ronaldo 7 Man_Utd Football Team Home Kit Half Sleeve Jersey Tshirt 2023/2024 (Boys,Kids,Men)",₹389
Generic,Positivity Sports Football Away Jersey Green for Men 2023/24,₹369
Generic,SAN Football Jersey Man_UTD_RED Home & POURTUGAL Away KIT- for Men and Sports Jersey 2022-23 Age 4-XXL,₹499
Generic,Positivity Sports Football Third Jersey White 2023-24,₹379
Generic,Football Jersey for menARGENTENA 22/23 Home Jersey Messi 10 2022-23,₹379
Generic,"Man City Football Third Half Sleeve Jersey Haaland 9 (Kids,Boys,Men) with Black Shorts",₹389
Generic,"Haaland 9 Football Club Team Home Tshirt 2022/2023 for (Kids,Boys,Men)",₹249
Generic,Portugal Football Jersey - Portugal Ronaldo Jersey 2022-2023 for Men & Kids,₹299
Generic,Sports Man_UTD Third Kit 2021-22 Football Jersey for Men and Boy Sports Tshirt Paris Messi Home Kit 2022-33,₹489
Generic,"De Bruyne 17 Man_UTD Away Football Jersey with Shorts 2023/2024 (Kids,Boys,Men)",₹389
Generic,"Football Team Away Green Jersey 2023/2024 (Kids,Boys,Men)",₹299
Generic,Cristiano Ronaldo 7 Yellow New Football Team Jersey with Shorts for 2023-2024 (Boys & Mens),₹399
Generic,Men Regular Fit Jersey with Shorts,₹419
PRO'STATIC,Football Jersey JUVNTS Ronaldo with Black Shorts- for Mens and Sports Jersey for Mens and Boys 21-22 Age 4-XXL,₹485
Generic,"Man_utd Away Football Team Green Jersey Tshirt with Shorts 2023/2024 (Kids,Boys,Men)",₹399
,,
,,
,,
brand,name,price
,,
Generic,"Sports Football Club Team Official Blue Jersey Tshirt 2023/204 (Men,Kids,Boys)",₹309
Generic,SAN Football Jersey Man_United 23-24 with Full Sleeve Black Tights Home KIT- for Men and Sports Jersey for Men and Boys 23-24 Age 4-XXL,₹496
Generic,SAN Football Jersey Man_UTD_RED Home & POURTUGAL Away KIT- for Men and boys2022-23,₹499
Generic,Active_Sport Football Jersey for Men and Boys Madrid Jersey,₹310
,,
Generic,"Ronaldo 7 Football UTD Home Jersey 2022/2023 for Boys & Kids(13-14Years,redR7FS)",₹299
Generic,Single Jersey,₹999
Generic,"Sports Football Away New Team Jersey Tshirt 2023/2024 (Men,Kids,Boys)",₹299
BodySports.co,Manchester Football Jersey,₹435
Generic,"Man_UTD Green Football Team Away Jersey 2023/2024 (Kids,Boys,Men)",₹239
Generic,"Haaland 9 Football Club Team Home Jersey with Shorts 2022/2023 for (Kids,Boys,Men)",₹399
Generic,"Cristiano Ronadlo 7 Man_UTD Away Football Team Green Jersey 2023/2024 (Men,Boys,Kids)",₹239
Generic,"Man_UTD Football Team Home Jersey Set Ronaldo 7 2023/2024 for (Kids,Men,Boys)",₹329
Generic,Haaland 9 City Football Jersey 2023/2024 for Boys & Men,₹289
Bodysports.co,Football Jersey,₹435
Generic,SAN Football Jersey Man_United 23-24 Home KIT- for Men and Sports Jersey for Men 23-24 Age 4-XXL,₹309
Generic,SAN Football Jersey Man City - for Men and Sports Jersey for Men and Boys 23-24 Age 4-XXL,₹299
Generic,Ronaldo 7 Football UTD Home Jersey with Shorts 2022/2023 for Boys & Kids,₹409
Generic,SAN Football Jersey Madrid_Home KIT with Black Tights Full Sleeve- for Men and Sports Jersey for Men and Boys SAN Football Team 23-24 Age 4-XXL,₹499
Generic,"Ronaldo 7 Man_Utd Football Team Home Kit Half Sleeve Jersey Tshirt 2023/2024 (Boys,Kids,Men)",₹309
,,
Generic,"Man_Utd Red Football Team Home Kit Original Jersey 2023/2024 (Kids,Boys,Men)",₹379
Generic,SAN Football Jersey Man City - for Men and Boys 23-24,₹330
Generic,Jersey & Shorts,₹999
Generic,SAN Football Jersey Man_United 23-24 Home KIT- for Men and Sports Jersey 23-24 Age 4-XXL,₹309
Generic,"Man_utd Away Football Team Green Jersey 2023/2024 (Kids,Boys,Men)",₹239
Generic,"Halaand 9 Man_UTD Away Football Jersey with Shorts 2023/2024 (Kids,Boys,Men)",₹389
Generic,"Man_UTD Green Football Team Away Jersey Tshirt with Shorts 2023/2024 (Kids,Boys,Men)",₹419
AASHRAY,Man United Home 2023-24 Club Football Jersey with Shorts with All Logos for Kid's Boy's & Girl's Sports Wear. | Football Cloths | Football Training Kit | Football Set |,₹899
Generic,"Man_utd Away Football Team Green Jersey Tshirt 2023/2024 (Men,Boys,Kids)",₹319
Generic,Active_Sport Football Jersey for Men PSG_MESSI23-24 Jersey,₹310
Generic,Sport Ronaldo 7 Football Jersey red for Men 2023-24,₹299
Generic,FC Football Jersey with Shorts Red Color 2023/24,₹999
Generic,"Cristiano Ronaldo 7 Man_Utd Football Team Jersey Tshirt with Shorts 2023/2024 for (Kids,Men,Boys)",₹389
Generic,Haaland 9 City Football Jersey with Shorts 2023/2024 for Boys & Men,₹389
Generic,"Cristiano Ronaldo 7 Man_Utd Football Team Home Kit Half Sleeve Jersey Tshirt 2023/2024 (Boys,Kids,Men)",₹389
Generic,Positivity Sports Football Away Jersey Green for Men 2023/24,₹369
Generic,SAN Football Jersey Man_UTD_RED Home & POURTUGAL Away KIT- for Men and Sports Jersey 2022-23 Age 4-XXL,₹499
Generic,Positivity Sports Football Third Jersey White 2023-24,₹379
Generic,Football Jersey for menARGENTENA 22/23 Home Jersey Messi 10 2022-23,₹379
Generic,"Man City Football Third Half Sleeve Jersey Haaland 9 (Kids,Boys,Men) with Black Shorts",₹389
Generic,"Haaland 9 Football Club Team Home Tshirt 2022/2023 for (Kids,Boys,Men)",₹249
Generic,Portugal Football Jersey - Portugal Ronaldo Jersey 2022-2023 for Men & Kids,₹299
Generic,Sports Man_UTD Third Kit 2021-22 Football Jersey for Men and Boy Sports Tshirt Paris Messi Home Kit 2022-33,₹489
Generic,"De Bruyne 17 Man_UTD Away Football Jersey with Shorts 2023/2024 (Kids,Boys,Men)",₹389
Generic,"Football Team Away Green Jersey 2023/2024 (Kids,Boys,Men)",₹299
Generic,Cristiano Ronaldo 7 Yellow New Football Team Jersey with Shorts for 2023-2024 (Boys & Mens),₹399
Generic,Men Regular Fit Jersey with Shorts,₹419
PRO'STATIC,Football Jersey JUVNTS Ronaldo with Black Shorts- for Mens and Sports Jersey for Mens and Boys 21-22 Age 4-XXL,₹485
Generic,"Man_utd Away Football Team Green Jersey Tshirt with Shorts 2023/2024 (Kids,Boys,Men)",₹399
,,
,,
,,
